{"cameraMode":{"drawMode":0,"name":"Shaded","section":"Shading Mode"},"sceneLighting":true,"audioPlay":false,"sceneViewState":{"m_AlwaysRefresh":false,"showFog":true,"showSkybox":true,"showFlares":true,"showImageEffects":true,"showParticleSystems":true,"showVisualEffectGraphs":true,"m_FxEnabled":true},"in2DMode":false,"pivot":{"x":0.9085676670074463,"y":0.30400216579437258,"z":0.8143329620361328},"rotation":{"x":-0.06281288713216782,"y":0.6749669909477234,"z":-0.05785221606492996,"w":-0.7328667044639587},"size":2.8491313457489015,"orthographic":true}