{"cameraMode":{"drawMode":0,"name":"Shaded","section":"Shading Mode"},"sceneLighting":true,"audioPlay":false,"sceneViewState":{"m_AlwaysRefresh":false,"showFog":true,"showSkybox":true,"showFlares":true,"showImageEffects":true,"showParticleSystems":true,"showVisualEffectGraphs":true,"m_FxEnabled":true},"in2DMode":false,"pivot":{"x":176.91043090820313,"y":196.80332946777345,"z":-135.79396057128907},"rotation":{"x":-0.31576597690582278,"y":0.4148992598056793,"z":-0.1561693400144577,"w":-0.8389047384262085},"size":1.3741164207458497,"orthographic":false}